"outcome","n","term","power","repetitions"
"position_error",10,"z_relationVisibilityTotal",0.688,1000
"position_error",10,"z_relationPerspectiveTotal",0.452,1000
"position_error",10,"confirmatory_block",0.356,1000
"position_error",15,"z_relationVisibilityTotal",0.886,1000
"position_error",15,"z_relationPerspectiveTotal",0.628,1000
"position_error",15,"confirmatory_block",0.58,1000
"position_error",20,"z_relationVisibilityTotal",0.944,1000
"position_error",20,"z_relationPerspectiveTotal",0.754,1000
"position_error",20,"confirmatory_block",0.728,1000
"position_error",25,"z_relationVisibilityTotal",0.984,1000
"position_error",25,"z_relationPerspectiveTotal",0.837,1000
"position_error",25,"confirmatory_block",0.827,1000
"position_error",30,"z_relationVisibilityTotal",0.996,1000
"position_error",30,"z_relationPerspectiveTotal",0.921,1000
"position_error",30,"confirmatory_block",0.917,1000
"position_error",40,"z_relationVisibilityTotal",1,1000
"position_error",40,"z_relationPerspectiveTotal",0.958,1000
"position_error",40,"confirmatory_block",0.958,1000
"position_error",50,"z_relationVisibilityTotal",1,1000
"position_error",50,"z_relationPerspectiveTotal",0.987,1000
"position_error",50,"confirmatory_block",0.987,1000
"position_error",60,"z_relationVisibilityTotal",1,1000
"position_error",60,"z_relationPerspectiveTotal",0.994,1000
"position_error",60,"confirmatory_block",0.994,1000
"rotation_error_steps",10,"z_featureCueVisibility",0.324,1000
"rotation_error_steps",10,"z_asymmetricCueVisibilityAngleWeighted",1,1000
"rotation_error_steps",10,"confirmatory_block",0.324,1000
"rotation_error_steps",15,"z_featureCueVisibility",0.424,1000
"rotation_error_steps",15,"z_asymmetricCueVisibilityAngleWeighted",1,1000
"rotation_error_steps",15,"confirmatory_block",0.424,1000
"rotation_error_steps",20,"z_featureCueVisibility",0.531,1000
"rotation_error_steps",20,"z_asymmetricCueVisibilityAngleWeighted",1,1000
"rotation_error_steps",20,"confirmatory_block",0.531,1000
"rotation_error_steps",25,"z_featureCueVisibility",0.633,1000
"rotation_error_steps",25,"z_asymmetricCueVisibilityAngleWeighted",1,1000
"rotation_error_steps",25,"confirmatory_block",0.633,1000
"rotation_error_steps",30,"z_featureCueVisibility",0.713,1000
"rotation_error_steps",30,"z_asymmetricCueVisibilityAngleWeighted",1,1000
"rotation_error_steps",30,"confirmatory_block",0.713,1000
"rotation_error_steps",40,"z_featureCueVisibility",0.838,1000
"rotation_error_steps",40,"z_asymmetricCueVisibilityAngleWeighted",1,1000
"rotation_error_steps",40,"confirmatory_block",0.838,1000
"rotation_error_steps",50,"z_featureCueVisibility",0.929,1000
"rotation_error_steps",50,"z_asymmetricCueVisibilityAngleWeighted",1,1000
"rotation_error_steps",50,"confirmatory_block",0.929,1000
"rotation_error_steps",60,"z_featureCueVisibility",0.962,1000
"rotation_error_steps",60,"z_asymmetricCueVisibilityAngleWeighted",1,1000
"rotation_error_steps",60,"confirmatory_block",0.962,1000
