"model","term","estimate","std_error","df","t_value","p_value","singular"
"position","(Intercept)",1.213627400083,0.135170244332277,36.8686500282199,8.97851007134114,8.20725134163606e-11,FALSE
"position","z_relationVisibilityTotal",0.113784777706819,0.0622471698791706,551.717718564139,1.82795102054743,0.068096768852962,FALSE
"position","z_relationPerspectiveTotal",-0.0671365816610645,0.0506782118030585,594.502708678259,-1.32476224539976,0.185759003840577,FALSE
"position","model_idM03",-0.279551933942525,0.126830057582832,579.00375615889,-2.20414576221376,0.0279067881451153,FALSE
"position","model_idM04",0.0325655214840727,0.145831725015445,595.233463227918,0.223308895788098,0.823371718516285,FALSE
"position","model_idM05",0.370393684177897,0.118670476222863,573.478826240309,3.12119489166201,0.001891834244117,FALSE
"rotation","(Intercept)",1.02678619952415,0.157725963495199,46.3030981027012,6.50993772217728,4.82825845399977e-08,FALSE
"rotation","z_featureCueVisibility",0.0716695649257852,0.0684552486302548,579.294740274235,1.04695500140379,0.295556961362766,FALSE
"rotation","z_asymmetricCueVisibilityAngleWeighted",0.649383458928412,0.0764202121141772,591.647696029468,8.4975354158686,1.57523730170832e-16,FALSE
"rotation","model_idM03",0.364527273964387,0.135598972952104,581.73174219376,2.68827459403505,0.00738796832202558,FALSE
"rotation","model_idM04",0.335980060834276,0.131557510405218,577.041948999401,2.55386454030184,0.0109093290611183,FALSE
"rotation","model_idM05",1.03361121713021,0.188395046207905,595.923468923261,5.48640337384219,6.07116233866344e-08,FALSE
