position_error_half_width,rotation_error_half_width,position_exact_half_width,rotation_exact_half_width,n,repetitions,scene_count,model_count,position_power,rotation_power,position_exact_power,rotation_exact_power
0.25,0.25,0.08,0.08,4,1000,23,4,1,1,1,1
0.25,0.25,0.08,0.08,6,1000,23,4,1,1,1,1
0.25,0.25,0.08,0.08,8,1000,23,4,1,1,1,1
0.25,0.25,0.08,0.08,12,1000,23,4,1,1,1,1
0.25,0.25,0.08,0.08,16,1000,23,4,1,1,1,1
0.25,0.25,0.08,0.08,20,1000,23,4,1,1,1,1
0.25,0.25,0.08,0.08,24,1000,23,4,1,1,1,1
0.25,0.25,0.08,0.08,30,1000,23,4,1,1,1,1
0.25,0.25,0.08,0.08,40,1000,23,4,1,1,1,1
