variable,n,position_error_r,rotation_error_r,position_exact_r,rotation_exact_r
targetFurnitureSilhouetteVisibility,600,-0.04345111393322206,0.22610714912159097,0.048211901837113394,-0.004965168525086337
furnitureGroupSilhouetteVisibility,600,-0.1447851144374757,0.03901223206747169,0.13761630984311407,0.15941387425222572
asymmetricCueVisibilityAngleWeighted,600,-0.1700856860519623,0.3175198443428736,0.1395801941980534,-0.1254130693787722
featureCueVisibility,600,-0.04396337829517036,0.22956360695820005,0.03292426316885131,-0.07299431519773872
relationVisibilityTotal,600,0.06445541650027116,0.025996404110495974,-0.02905806068038712,0.18220557023653583
PerspectiveRank,600,-0.10767770047748917,0.2583896477843526,0.08263619396400483,-0.059635771555276405
volumeAxisRetention,600,-0.04193246262224197,0.062100481695087105,-0.0174505797397374,-0.04839961805251958
volumeAngularSeparation,600,-0.11412899898623537,-0.08331591237016146,0.036287653112262765,0.11378540692133572
asymmetricCueVisibility,600,-0.15520138996538488,0.18901959067567636,0.15213059405156754,0.0058459617570965385
relationPerspectiveTotal,600,-0.10840044856615491,0.23694118130336925,0.0872985427859139,-0.06822329002642642
